{"cameraMode":{"drawMode":0,"name":"Shaded","section":"Shading Mode"},"sceneLighting":true,"audioPlay":false,"sceneViewState":{"showFog":true,"showMaterialUpdate":false,"showSkybox":true,"showFlares":true,"showImageEffects":true,"showParticleSystems":true},"in2DMode":false,"pivot":{"x":-57.08735275268555,"y":-19.803817749023439,"z":-10.263604164123536},"rotation":{"x":0.1152925044298172,"y":-0.7592057585716248,"z":0.1400345116853714,"w":0.625064492225647},"size":33.871707916259769,"orthographic":false}