{"cameraMode":{"drawMode":0,"name":"Shaded","section":"Shading Mode"},"sceneLighting":true,"audioPlay":false,"sceneViewState":{"showFog":true,"showMaterialUpdate":false,"showSkybox":true,"showFlares":true,"showImageEffects":true,"showParticleSystems":true},"in2DMode":false,"pivot":{"x":-3.713655471801758,"y":2.4916834831237795,"z":-1.7267823219299317},"rotation":{"x":0.10608435422182083,"y":0.576874315738678,"z":-0.07589405030012131,"w":0.8063514232635498},"size":8.076874732971192,"orthographic":false}