{"cameraMode":{"drawMode":0,"name":"Shaded","section":"Shading Mode"},"sceneLighting":true,"audioPlay":false,"sceneViewState":{"m_AlwaysRefresh":false,"showFog":true,"showSkybox":true,"showFlares":true,"showImageEffects":true,"showParticleSystems":true,"showVisualEffectGraphs":true,"m_FxEnabled":true},"in2DMode":false,"pivot":{"x":-0.08830138295888901,"y":4.939321994781494,"z":3.781259298324585},"rotation":{"x":0.1793394833803177,"y":0.48028919100761416,"z":-0.10101177543401718,"w":0.8526297211647034},"size":5.5455169677734379,"orthographic":false}